,Views,Likes,Comments,Tag count
Views,1.0,0.5986277130020564,0.5116057257237108,0.04382661866092141
Likes,0.5986277130020564,1.0,0.7360999689504231,-0.03104544982656865
Comments,0.5116057257237108,0.7360999689504231,1.0,0.06845830681753264
Tag count,0.04382661866092141,-0.03104544982656865,0.06845830681753264,1.0
