Weekday,Views
Wednesday,288797.1875
Tuesday,692693.8571428572
Monday,710917.1621621621
Sunday,956976.9375
Friday,1262391.2608695652
Saturday,1575489.3448275863
Thursday,1654463.75
