Category ID,Views
Film & Animation,1577087.8
Education,1449831.0
People & Blogs,1438275.3076923077
Science & Technology,1387552.75
Pets & Animals,1331154.6
Comedy,1246961.4285714286
Music,1163189.391304348
Sports,1068398.9259259258
Entertainment,835961.9
Gaming,731250.088888889
